[
    {
        "text": "⚠️",
        "value": -100,
        "id": "bfc72168-14b5-41b1-be9e-64432e8daba4"
    },
    {
        "text": "Sorry",
        "value": -100,
        "id": "640123c0-66bd-4035-aa67-e32391571fb7"
    },
    {
        "text": "Content",
        "value": -100,
        "id": "d0706865-037e-4364-a435-34757a33bd1d"
    },
    {
        "text": "(A",
        "value": -100,
        "id": "6ab9edc3-e690-4b04-8b7c-1988db552c18"
    },
    {
        "text": "Unfortunately",
        "value": -100,
        "id": "cfbf7469-9155-408a-a2a1-e4737171e84d"
    },
    {
        "text": "vi",
        "value": -100,
        "id": "7cacde50-b4e6-43e2-9138-b79375514937"
    },
    {
        "text": "Due",
        "value": -100,
        "id": "f6915d47-ce84-4c2f-9b7d-82ed77c7b8aa"
    },
    {
        "text": "Under",
        "value": -100,
        "id": "f0c42eb4-b95c-4d18-a0e2-ace4f244f2e6"
    },
    {
        "id": "74378300-0668-49ae-b748-fdee8a9e3533",
        "text": ">I",
        "value": -100
    },
    {
        "id": "385d36f3-980e-472a-91d9-fe64dfc1874a",
        "text": "Thank",
        "value": -100
    },
    {
        "id": "64531017-6fa3-4f03-ba91-ce820dc68255",
        "text": "(S",
        "value": -100
    },
    {
        "id": "ae0fe869-3479-4117-bd4b-5f289adc0e5f",
        "text": "(Content",
        "value": -100
    },
    {
        "id": "6b95f00f-f635-4c49-a412-1df00d0c66ef",
        "text": "My",
        "value": -100
    },
    {
        "id": "5d05a2e0-ede1-4d19-add2-06278aa24f1f",
        "text": "抱",
        "value": -100
    },
    {
        "id": "611e44e1-9705-416e-a9cd-c7b83fb9f6f2",
        "text": "申",
        "value": -100
    },
    {
        "id": "96b2c771-06fd-41fe-8ffa-ccefedcd2b84",
        "text": "#",
        "value": -100
    },
    {
        "id": "1f5146a6-5b6c-4d25-a7c1-c45734ca2a47",
        "text": "system",
        "value": -100
    },
    {
        "id": "e43c22d5-f4db-42a4-84c6-2649bed19d9a",
        "text": "申し",
        "value": -100
    },
    {
        "id": "61cf4c48-884a-4062-b640-729132deb5a8",
        "text": "error",
        "value": -100
    },
    {
        "id": "a148332f-6bc7-4679-880e-893fe89d4ab1",
        "text": "[",
        "value": -100
    },
    {
        "id": "9e56405c-e2f3-4c73-a23d-c78bebc9058c",
        "text": " Sorry",
        "value": -100
    },
    {
        "id": "aa2954b1-9d12-48d3-9cd0-f8fc7cdd151a",
        "text": "Lo",
        "value": -100
    },
    {
        "id": "0bf45fad-3d51-4249-a99a-991d3f8559ee",
        "text": "We're",
        "value": -100
    },
    {
        "id": "ab1453e1-1122-4368-8195-d02bc4da587a",
        "text": "歉",
        "value": -100
    },
    {
        "id": "9497cdc4-f345-4f09-971f-bf80479eb278",
        "text": "SOR",
        "value": -100
    },
    {
        "id": "8e3e93b4-95d9-4b97-9fbd-22e9e9913287",
        "text": "Exc",
        "value": -100
    },
    {
        "id": "f7e13d45-0952-4c84-a49c-fc1c577b5bea",
        "text": "sorry",
        "value": -100
    },
    {
        "id": "aa922a80-83a2-4f04-89e6-77264c2a3818",
        "text": "[A",
        "value": -100
    },
    {
        "id": "c28e6f32-5d92-4bb7-bd9f-2f96371deeb3",
        "text": "I'm",
        "value": -100
    },
    {
        "id": "4098a7e9-93f9-4091-aaa2-86fb8a4294a7",
        "text": "Your",
        "value": -100
    },
    {
        "id": "f342e80d-2939-4c62-9a92-91c478c01902",
        "text": " I'm",
        "value": -100
    },
    {
        "id": "00212a8c-6dac-43a4-bdcc-757acbabe326",
        "text": " sorry",
        "value": -100
    },
    {
        "id": "dbff1b61-1046-4062-9d28-2e8dc778e20a",
        "text": "I",
        "value": -100
    },
    {
        "id": "06b6990a-c434-406a-bc7a-956af4cc99ad",
        "text": ">A",
        "value": -100
    },
    {
        "id": "fec9e605-9b38-46b0-b23e-d4945ea48bd8",
        "text": "━+ Filters",
        "value": 0
    },
    {
        "id": "72908287-d592-447f-8a92-7f71afa19a39",
        "text": " _",
        "value": -1
    },
    {
        "id": "ef942f95-babd-4e0a-921a-610b90258d4f",
        "text": "…",
        "value": -1
    },
    {
        "id": "1f6f6d80-2568-4232-aff3-c174a25950d8",
        "text": " *",
        "value": -1
    },
    {
        "id": "b1d2e84a-7fb3-476c-8d96-29dca164de1c",
        "text": " —",
        "value": -100
    },
    {
        "id": "164c13f9-17d8-4432-8baf-4da15b755465",
        "text": "—",
        "value": -100
    },
    {
        "id": "8929d324-f484-44f2-bddd-c00933c1170c",
        "text": " **",
        "value": -100
    },
    {
        "id": "5f43a1ec-fbe4-4345-ba0b-433c0b6ea864",
        "text": " |",
        "value": -100
    },
    {
        "id": "7e48ccd1-85ea-458f-9a4d-8fc6828fa9f9",
        "text": "━+ Formatting",
        "value": 0
    },
    {
        "id": "983c7887-7a73-47e4-ab05-08813ccb13a5",
        "text": " Pause",
        "value": -100
    },
    {
        "id": "e75f98fc-2a52-493a-9db6-7cfa79c28d04",
        "text": " pause",
        "value": -100
    },
    {
        "id": "22dfd941-71a3-453a-b0d0-2480ad1b4386",
        "text": " raw",
        "value": -100
    },
    {
        "id": "5f222965-dc2c-4b24-ad3e-3fd03cc9a834",
        "text": " absolute",
        "value": -100
    },
    {
        "id": "f507b22e-93aa-4cc5-a581-bdea4699e783",
        "text": " sharpen",
        "value": -100
    },
    {
        "id": "dd89fd23-0984-4a0e-9a3c-74e8892a2723",
        "text": " But",
        "value": -100
    },
    {
        "id": "5de1ffeb-e667-4491-83b3-38f14995388b",
        "text": " Something",
        "value": -100
    },
    {
        "id": "e8713f15-0baa-4835-b3de-78c0675e09bf",
        "text": " trait",
        "value": -100
    },
    {
        "id": "8d5b27ba-8893-48cb-9fba-5b2492e2edd4",
        "text": " despite",
        "value": -1
    },
    {
        "id": "3644db0b-65b5-4b06-a2c0-b0a1aa6faf83",
        "text": " sh",
        "value": -100
    },
    {
        "id": "be100f77-fbce-4339-82f6-265725644523",
        "text": " static",
        "value": -100
    },
    {
        "id": "5c75e5c1-a56a-4f53-bf62-5d03916e77a1",
        "text": " Bold",
        "value": -100
    },
    {
        "id": "24c99680-a3e6-4664-af2c-e6a45480c59b",
        "text": " constant",
        "value": -100
    },
    {
        "id": "83152fe9-787d-4e17-846e-3548952e7308",
        "text": " definitely",
        "value": -1
    },
    {
        "id": "ea7af7bf-bc66-49e5-b678-8d50c7cd9fed",
        "text": " wreck",
        "value": -100
    },
    {
        "id": "4e62d988-d4e4-47a1-9d64-ba2f9a5d455a",
        "text": " Not",
        "value": -100
    },
    {
        "id": "6b4b766a-bb28-427c-8a10-8d0980533347",
        "text": " domestic",
        "value": -100
    },
    {
        "id": "8d018254-45aa-4627-bd6c-e0703c35ca0f",
        "text": " stuck",
        "value": -100
    },
    {
        "id": "8bd3baab-fb68-4941-b9bd-19fdf2ef6dc3",
        "text": " Better",
        "value": -100
    },
    {
        "id": "43272e93-3a16-43ce-a55e-defedfb12c4b",
        "text": " equal",
        "value": -100
    },
    {
        "id": "c2c49ce9-376e-4758-986f-afabca44cd8a",
        "text": " hit",
        "value": -100
    },
    {
        "id": "3276e757-0893-4c21-907d-b43be6ecd8b9",
        "text": " Because",
        "value": -100
    },
    {
        "id": "2d49a8f1-a822-4b4a-980a-da7104c0c9d2",
        "text": " Cause",
        "value": -100
    },
    {
        "id": "57bdd943-18cb-4bc2-84b0-7acd360efb5b",
        "text": " ru",
        "value": -100
    },
    {
        "id": "79476a42-5bae-41a8-8917-2b1d72f5bd2b",
        "text": " real",
        "value": -100
    },
    {
        "id": "93b3d307-a0db-4d11-8639-f07b1a5e0a54",
        "text": " lucky",
        "value": -100
    },
    {
        "id": "5bfdad56-bc10-4990-a62e-4e271d1dd87e",
        "text": " pause",
        "value": -100
    },
    {
        "id": "21e5a97f-7a24-4a59-aa6a-080f1d95040c",
        "text": " paused",
        "value": -100
    },
    {
        "id": "19de2b8c-b911-4598-8df7-a7904c95c834",
        "text": " grow",
        "value": -100
    },
    {
        "id": "38b38e2b-8577-46e5-afe2-49cf564442d9",
        "text": " Didn't",
        "value": -100
    },
    {
        "id": "483ae472-5be4-4dff-a8fc-60d1ead70304",
        "text": " Still",
        "value": -100
    },
    {
        "id": "c086fba5-32de-46ad-95ce-6bf853917ba4",
        "text": " still",
        "value": -100
    },
    {
        "id": "5b8a2716-bbff-4fde-8a6d-30b0ecb73e7d",
        "text": " So",
        "value": -100
    },
    {
        "id": "d1b30d34-22c2-42e5-9a3f-37b087320a14",
        "text": " Maybe",
        "value": -100
    },
    {
        "id": "ef6c57bd-0433-4e05-9296-660815386dd3",
        "text": " maybe",
        "value": -100
    },
    {
        "id": "703ebe41-4544-47f5-966c-3fce6f671aae",
        "text": " untouched",
        "value": -100
    },
    {
        "id": "550ff387-3933-4089-8d05-25908772e2fa",
        "text": " like",
        "value": -1
    },
    {
        "id": "40a18a86-5716-47e9-8234-bed1b3dfca90",
        "text": " Happy",
        "value": -100
    },
    {
        "id": "213ef4cf-7951-4cd8-ae32-2ccfc3358dbf",
        "text": " nud",
        "value": -100
    },
    {
        "id": "de864131-e38a-4805-af3e-df454b6c7a9d",
        "text": " meant",
        "value": -100
    },
    {
        "id": "a1ecec12-8d3f-4dee-8861-ee76d2009b3d",
        "text": " mean",
        "value": -100
    },
    {
        "id": "10f317a5-6f11-4d06-8ad7-3f1002f2bce9",
        "text": " Say",
        "value": -100
    },
    {
        "id": "6235fd05-ab07-414e-bf75-0d2a5adf399b",
        "text": " Tell",
        "value": -100
    },
    {
        "id": "772f7a97-b40d-4b02-ba35-e1ef500a1f38",
        "text": " need",
        "value": -100
    },
    {
        "id": "025c5b5f-183b-4d27-be01-fd6c8ba7bfc3",
        "text": " survive",
        "value": -100
    },
    {
        "id": "7d8daeae-36c3-4fd9-85a8-3c08016e539a",
        "text": " let",
        "value": -100
    },
    {
        "id": "07de64d7-d026-417b-86e8-69fa4e2f0e49",
        "text": " And",
        "value": -100
    },
    {
        "id": "57e19f49-1224-4b99-a62a-3c8e776501dd",
        "text": " such",
        "value": -100
    },
    {
        "id": "b0a755c3-c86e-4d24-a943-327d56f94805",
        "text": "This",
        "value": -100
    },
    {
        "id": "49bde7c6-9685-4834-8f24-88e565ba1acd",
        "text": " Like",
        "value": -100
    },
    {
        "id": "61c38a89-b702-4f9b-a9e5-c1b33c5c0f20",
        "text": " yet",
        "value": -100
    },
    {
        "id": "c12a3f71-a1e7-470a-b718-bad1184cb2f7",
        "text": " never",
        "value": -100
    },
    {
        "id": "aab69191-0d05-4dc3-9dae-12d2fd4cf011",
        "text": "Still",
        "value": -100
    },
    {
        "id": "76879c37-f57e-47e7-88bf-8ac7f0116669",
        "text": " landed",
        "value": -100
    },
    {
        "id": "b471527d-85bc-4922-98e8-d6de9af89b6c",
        "text": " air",
        "value": -1
    },
    {
        "id": "a366d3b6-d786-44c8-94e2-f172ad1faee3",
        "text": " land",
        "value": -100
    },
    {
        "id": "812c0906-10b2-4d6b-bb4b-dd9ac272f4d2",
        "text": " deliberate",
        "value": -100
    },
    {
        "id": "45aaffaf-8b5d-456c-ba5c-b2c0834b3658",
        "text": " murm",
        "value": -100
    },
    {
        "id": "eba46e4a-24c2-4388-bdf9-a651b07e9202",
        "text": " mut",
        "value": -100
    },
    {
        "id": "8bb2d937-7716-4792-943b-0ef0a796008e",
        "text": " can't",
        "value": -1
    },
    {
        "id": "5c5f596b-2330-483b-abe2-d421f5d24731",
        "text": " can",
        "value": -1
    },
    {
        "id": "906a5ca4-a541-4a4e-b2ac-625d0244e3df",
        "text": " didn't",
        "value": -100
    },
    {
        "id": "78929181-0758-42ff-908b-a9f76d38ec72",
        "text": " wasn't",
        "value": -50
    },
    {
        "id": "9963bbab-c76e-41c0-b9f7-fa25fba2f0a6",
        "text": " steady",
        "value": -100
    },
    {
        "id": "49d35c71-7213-4333-afca-de411af4b08a",
        "text": " stead",
        "value": -100
    },
    {
        "id": "e251b955-00f4-4ef9-bb25-14f480831962",
        "text": " Probably",
        "value": -100
    },
    {
        "id": "b3732834-bbe5-4761-8dd8-4185fa3614fc",
        "text": " jol",
        "value": -100
    },
    {
        "id": "f119d369-4580-4150-b554-e69ae2319ce0",
        "text": " blink",
        "value": -100
    },
    {
        "id": "ec4acd58-6e4d-4868-a3f2-a77b4b67651b",
        "text": " Of",
        "value": -100
    },
    {
        "id": "af65cacb-53c0-4493-943e-63af45570855",
        "text": "hit",
        "value": -100
    },
    {
        "id": "493110ac-8812-4db5-b3b9-4816ad6ff803",
        "text": " more",
        "value": -100
    },
    {
        "id": "ef3e4228-266f-46d3-85f8-92cbbed0fcd5",
        "text": " voice",
        "value": -100
    },
    {
        "id": "acbdcee1-2030-4e12-a474-4cfd71250fd9",
        "text": " legal",
        "value": -100
    },
    {
        "id": "a8189f9e-0dea-4db9-bed1-887dfab7c3bb",
        "text": " illegal",
        "value": -100
    },
    {
        "id": "1e85cbe5-b1fd-495e-b043-601ec9ba9a5f",
        "text": " physically",
        "value": -100
    },
    {
        "id": "dc9a24b3-003c-4742-9a7e-c361e580ef69",
        "text": " Steady",
        "value": -100
    },
    {
        "id": "07a7a0c7-dee1-49c1-9061-f4bc7b14b07c",
        "text": " even",
        "value": -100
    },
    {
        "id": "3c736657-a8ef-48b0-8ea0-6b2da94cc750",
        "text": " safe",
        "value": -100
    },
    {
        "id": "d428ff1c-4dd2-473a-ae9a-87a31f303e2c",
        "text": " here",
        "value": -100
    },
    {
        "id": "967807d7-a9fc-4fa5-b4c4-567f5aba0ae7",
        "text": " staying",
        "value": -100
    },
    {
        "id": "5062d609-9878-447b-8f71-7263f73ca387",
        "text": " impossible",
        "value": -100
    },
    {
        "id": "72a8e17e-4eb6-4eff-a1c0-bfb347edb1d6",
        "text": " going",
        "value": -100
    },
    {
        "id": "865dc1a3-8df1-4f67-831b-90a46514b2dc",
        "text": " Just",
        "value": -100
    },
    {
        "id": "654a0e0e-240c-4c4a-b4dd-649fcf818571",
        "text": " No",
        "value": -100
    },
    {
        "id": "0bbffec1-331a-42fc-9ab5-2fac91df3a05",
        "text": " Couldn't",
        "value": -100
    },
    {
        "id": "0a61ead1-273f-4513-95e1-1c6b91aa928e",
        "text": " Then",
        "value": -100
    },
    {
        "id": "21326d12-7ccb-489c-9c4f-23b25195d4df",
        "text": "Then",
        "value": -100
    },
    {
        "id": "490cc918-7765-4182-83ff-d282648952c5",
        "text": " Somewhere",
        "value": -100
    },
    {
        "id": "62da9d80-caf7-4f31-9559-35c44326d51b",
        "text": "Somewhere",
        "value": -100
    },
    {
        "id": "a11c9d25-ab32-47eb-a2ad-2ff2ceeb0c58",
        "text": " re",
        "value": -100
    },
    {
        "id": "5a963aef-df38-4a52-9dde-ca55fb6d6464",
        "text": " echo",
        "value": -100
    },
    {
        "id": "5d2b6345-a06b-4bef-a831-d96a6f17919b",
        "text": " repeated",
        "value": -100
    },
    {
        "id": "ea1f1be6-af46-472e-92f7-2004665eaf18",
        "text": " echoed",
        "value": -100
    },
    {
        "id": "ed917846-1705-4551-a169-69e78f7412ae",
        "text": " cunt",
        "value": 1
    },
    {
        "id": "25d9ee2e-1e00-4d94-9d09-639039783e7a",
        "text": " cock",
        "value": 1
    },
    {
        "id": "949a1881-947f-471a-83b2-a2b4a23f19a8",
        "text": " pussy",
        "value": 1
    },
    {
        "id": "19667565-e9c7-4dd1-a05d-51a582065a4c",
        "text": " fuck",
        "value": 1
    },
    {
        "id": "7fb90dce-8bbd-4479-8b0c-91e4c1d0bfbb",
        "text": " shit",
        "value": 1
    },
    {
        "id": "a22049f1-98dc-4488-add7-7707d8fe089f",
        "text": " needed",
        "value": -1
    },
    {
        "id": "7d1cfe66-4408-43b0-be7f-b93d291055c9",
        "text": " wanted",
        "value": -1
    },
    {
        "id": "f0a7a2a8-0105-48b9-8a25-6a8e8c302112",
        "text": " did",
        "value": -1
    },
    {
        "id": "45103ad3-381a-4695-b8d9-62ab5589ab22",
        "text": " beat",
        "value": -100
    },
    {
        "id": "2947be0c-a31a-40a1-a73b-e744a3cab49b",
        "text": "Didn't",
        "value": -100
    },
    {
        "id": "de20c3db-9018-4f58-b36d-a8120a1963a6",
        "text": "But",
        "value": -100
    },
    {
        "id": "f83f3069-b29a-47c4-b676-59d350b6a891",
        "text": "Maybe",
        "value": -100
    },
    {
        "id": "248d5484-b7e7-48a0-939b-b1a312647890",
        "text": "And",
        "value": -100
    },
    {
        "id": "767ae5e9-83d0-4375-94f2-f93cca979758",
        "text": "Just",
        "value": -100
    },
    {
        "id": "7cbbc1ae-fd30-4043-bed8-636c7fcb8bbf",
        "text": "[9289]",
        "value": -100
    },
    {
        "id": "90d43a71-eeb3-49dc-8b1c-5087dc1243cc",
        "text": "━+ Words",
        "value": 0
    }
]